timestamp,cpu_usage_percent,gpu_usage_percent,memory_percent,disk_read,disk_write,past_cpu,past_gpu,past_memory,future_cpu,future_gpu,future_memory
1763424685.73099,4.7,0,73.5,13659526,1644652,14.8,2.0,73.5,7.4,1,73.2
1763424690.7755764,7.4,1,73.2,13659526,1644675,4.7,0.0,73.5,6.7,0,73.2
1763424695.819667,6.7,0,73.2,13659526,1644751,7.4,1.0,73.2,6.1,2,73.3
1763424700.8632536,6.1,2,73.3,13659526,1644780,6.7,0.0,73.2,7.5,2,73.8
1763424705.910347,7.5,2,73.8,13659541,1644914,6.1,2.0,73.3,7.9,0,73.9
1763424710.9589376,7.9,0,73.9,13659547,1645014,7.5,2.0,73.8,27.3,2,77.3
1763424716.0280538,27.3,2,77.3,13659649,1645208,7.9,0.0,73.9,26.6,2,80.1
1763424721.089656,26.6,2,80.1,13659785,1645380,27.3,2.0,77.3,16.2,1,80.8
1763424726.1517656,16.2,1,80.8,13659841,1645536,26.6,2.0,80.1,9.8,2,81.2
1763424731.199355,9.8,2,81.2,13659872,1645726,16.2,1.0,80.8,13.6,2,81.4
1763424736.2504535,13.6,2,81.4,13659924,1645795,9.8,2.0,81.2,11.6,3,74.7
1763424741.311055,11.6,3,74.7,13659948,1645961,13.6,2.0,81.4,9.0,0,74.9
1763424746.3531435,9.0,0,74.9,13659954,1646113,11.6,3.0,74.7,5.6,1,74.6
1763424751.396729,5.6,1,74.6,13659954,1646181,9.0,0.0,74.9,3.1,0,74.4
1763424756.438818,3.1,0,74.4,13659954,1646231,5.6,1.0,74.6,5.0,0,74.0
1763424761.4904113,5.0,0,74.0,13659954,1646260,3.1,0.0,74.4,4.6,1,74.0
1763424766.537504,4.6,1,74.0,13659966,1646292,5.0,0.0,74.0,4.2,0,73.9
1763424771.5850933,4.2,0,73.9,13659967,1646344,4.6,1.0,74.0,3.7,0,73.4
1763424776.633188,3.7,0,73.4,13659967,1646390,4.2,0.0,73.9,5.8,2,73.6
1763424781.6847816,5.8,2,73.6,13659970,1646431,3.7,0.0,73.4,6.2,1,73.9
1763424786.7358773,6.2,1,73.9,13659973,1646513,5.8,2.0,73.6,8.3,1,74.2
1763424791.7764606,8.3,1,74.2,13660000,1646643,6.2,1.0,73.9,5.4,2,74.2
1763424796.8175485,5.4,2,74.2,13660007,1646730,8.3,1.0,74.2,5.7,0,73.8
1763424801.8691416,5.7,0,73.8,13660010,1646794,5.4,2.0,74.2,4.4,0,73.7
1763424806.918733,4.4,0,73.7,13660010,1646846,5.7,0.0,73.8,12.1,1,73.9
1763424811.9698308,12.1,1,73.9,13660015,1646987,4.4,0.0,73.7,3.1,0,73.7
1763424817.0224252,3.1,0,73.7,13660019,1647070,12.1,1.0,73.9,3.5,0,73.7
1763424822.069518,3.5,0,73.7,13660043,1647185,3.1,0.0,73.7,3.5,0,73.7
1763424827.1251147,3.5,0,73.7,13660044,1647310,3.5,0.0,73.7,3.4,0,73.4
1763424832.1672037,3.4,0,73.4,13660047,1647408,3.5,0.0,73.7,4.6,0,73.4
1763424837.215794,4.6,0,73.4,13660048,1647464,3.4,0.0,73.4,4.0,1,73.4
1763424842.2648904,4.0,1,73.4,13660048,1647495,4.6,0.0,73.4,8.3,2,73.7
1763424847.3194864,8.3,2,73.7,13660050,1647542,4.0,1.0,73.4,9.0,1,74.0
1763424852.3615775,9.0,1,74.0,13660057,1647627,8.3,2.0,73.7,7.1,0,74.2
1763424857.41317,7.1,0,74.2,13660062,1647689,9.0,1.0,74.0,5.6,1,74.2
1763424862.4642692,5.6,1,74.2,13660063,1647749,7.1,0.0,74.2,3.5,1,73.5
1763424867.5128596,3.5,1,73.5,13660063,1647816,5.6,1.0,74.2,2.8,0,73.5
1763424872.5649579,2.8,0,73.5,13660063,1647883,3.5,1.0,73.5,5.4,0,73.4
1763424877.619554,5.4,0,73.4,13660063,1647946,2.8,0.0,73.5,4.5,0,73.5
1763424882.6686487,4.5,0,73.5,13660072,1647978,5.4,0.0,73.4,3.4,0,73.5
1763424887.723245,3.4,0,73.5,13660074,1648017,4.5,0.0,73.5,3.9,0,73.5
1763424892.771339,3.9,0,73.5,13660074,1648050,3.4,0.0,73.5,4.0,0,73.5
1763424897.8169272,4.0,0,73.5,13660077,1648117,3.9,0.0,73.5,2.8,0,73.5
1763424902.8570142,2.8,0,73.5,13660087,1648155,4.0,0.0,73.5,3.7,1,73.5
1763424907.9006,3.7,1,73.5,13660088,1648179,2.8,0.0,73.5,7.0,2,73.7
1763424912.940688,7.0,2,73.7,13660106,1648298,3.7,1.0,73.5,8.0,1,73.7
1763424917.9852748,8.0,1,73.7,13660107,1648348,7.0,2.0,73.7,8.1,0,74.0
1763424923.0343704,8.1,0,74.0,13660108,1648370,8.0,1.0,73.7,12.4,0,74.2
1763424928.0759542,12.4,0,74.2,13660108,1648416,8.1,0.0,74.0,7.0,1,73.3
1763424933.1280534,7.0,1,73.3,13660117,1648482,12.4,0.0,74.2,4.0,0,73.2
1763424938.1716392,4.0,0,73.2,13660117,1648538,7.0,1.0,73.3,3.7,0,73.2
1763424943.2177322,3.7,0,73.2,13660125,1648578,4.0,0.0,73.2,4.0,0,73.2
1763424948.2693253,4.0,0,73.2,13660125,1648613,3.7,0.0,73.2,3.5,0,73.2
1763424953.312911,3.5,0,73.2,13660126,1648636,4.0,0.0,73.2,3.3,0,73.2
1763424958.3630075,3.3,0,73.2,13660126,1648671,3.5,0.0,73.2,6.9,1,73.2
1763424963.4206064,6.9,1,73.2,13660135,1648761,3.3,0.0,73.2,8.7,2,74.3
1763424968.4717038,8.7,2,74.3,13660294,1648919,6.9,1.0,73.2,6.8,0,73.9
1763424973.5162902,6.8,0,73.9,13660319,1649029,8.7,2.0,74.3,3.4,0,74.0
1763424978.562382,3.4,0,74.0,13660319,1649142,6.8,0.0,73.9,5.5,1,73.9
1763424983.6169782,5.5,1,73.9,13660319,1649179,3.4,0.0,74.0,8.8,3,73.8
1763424988.662069,8.8,3,73.8,13660319,1649241,5.5,1.0,73.9,5.6,0,73.8
1763424993.7146633,5.6,0,73.8,13660319,1649283,8.8,3.0,73.8,5.2,1,73.1
1763424998.7597558,5.2,1,73.1,13660320,1649421,5.6,0.0,73.8,5.1,1,73.1
1763425003.8033414,5.1,1,73.1,13660329,1649459,5.2,1.0,73.1,5.7,0,73.1
1763425008.8524363,5.7,0,73.1,13660329,1649511,5.1,1.0,73.1,5.5,1,73.1
1763425013.89402,5.5,1,73.1,13660329,1649537,5.7,0.0,73.1,11.9,2,74.3
1763425018.9351082,11.9,2,74.3,13660343,1649650,5.5,1.0,73.1,4.3,0,74.4
1763425023.9877024,4.3,0,74.4,13660772,1649753,11.9,2.0,74.3,12.4,2,75.7
1763425029.0357969,12.4,2,75.7,13661408,1650245,4.3,0.0,74.4,9.7,1,75.7
1763425034.0773816,9.7,1,75.7,13661415,1650322,12.4,2.0,75.7,7.6,1,75.3
1763425039.1204848,7.6,1,75.3,13661510,1650418,9.7,1.0,75.7,3.8,0,75.8
1763425044.1730793,3.8,0,75.8,13661521,1650611,7.6,1.0,75.3,4.3,0,75.7
1763425049.213166,4.3,0,75.7,13661529,1650727,3.8,0.0,75.8,4.2,0,75.6
1763425054.2627575,4.2,0,75.6,13661537,1650862,4.3,0.0,75.7,7.9,2,75.8
1763425059.3088503,7.9,2,75.8,13661699,1650957,4.2,0.0,75.6,11.0,1,75.9
1763425064.349433,11.0,1,75.9,13661720,1651066,7.9,2.0,75.8,7.5,4,75.8
1763425069.3905232,7.5,4,75.8,13661728,1651153,11.0,1.0,75.9,8.3,1,75.7
1763425074.455128,8.3,1,75.7,13661736,1651201,7.5,4.0,75.8,10.0,0,76.2
1763425079.4952142,10.0,0,76.2,13661870,1651306,8.3,1.0,75.7,4.3,0,75.8
1763425084.5468078,4.3,0,75.8,13661878,1651428,10.0,0.0,76.2,4.1,0,75.7
1763425089.5918999,4.1,0,75.7,13661886,1651574,4.3,0.0,75.8,3.0,0,75.6
1763425094.6334844,3.0,0,75.6,13661901,1651641,4.1,0.0,75.7,3.5,0,75.8
1763425099.6875834,3.5,0,75.8,13661909,1651693,3.0,0.0,75.6,4.6,0,75.0
1763425104.7291677,4.6,0,75.0,13661909,1651730,3.5,0.0,75.8,6.9,0,75.0
1763425109.7797604,6.9,0,75.0,13661919,1651752,4.6,0.0,75.0,7.8,3,75.1
1763425114.829855,7.8,3,75.1,13661946,1651803,6.9,0.0,75.0,9.3,1,74.9
1763425119.8764439,9.3,1,74.9,13661954,1651837,7.8,3.0,75.1,6.0,1,74.9
1763425124.919535,6.0,1,74.9,13661960,1651892,9.3,1.0,74.9,5.0,0,75.0
1763425129.9681249,5.0,0,75.0,13661968,1651939,6.0,1.0,74.9,4.5,0,74.9
1763425135.0192232,4.5,0,74.9,13661976,1651973,5.0,0.0,75.0,3.7,0,74.9
1763425140.0628097,3.7,0,74.9,13661976,1652009,4.5,0.0,74.9,4.3,0,74.9
1763425145.1169107,4.3,0,74.9,13661978,1652047,3.7,0.0,74.9,11.5,5,74.6
1763425150.183517,11.5,5,74.6,13661980,1652198,4.3,0.0,74.9,11.5,4,74.1
1763425155.225605,11.5,4,74.1,13661980,1652242,11.5,5.0,74.6,10.7,2,74.1
1763425160.2671893,10.7,2,74.1,13661981,1652313,11.5,4.0,74.1,5.6,2,74.4
1763425165.3172865,5.6,2,74.4,13661981,1652408,10.7,2.0,74.1,5.2,1,74.1
1763425170.372883,5.2,1,74.1,13661981,1652453,5.6,2.0,74.4,4.1,0,74.1
1763425175.4149723,4.1,0,74.1,13661981,1652485,5.2,1.0,74.1,4.6,0,74.1
1763425180.4675663,4.6,0,74.1,13661984,1652541,4.1,0.0,74.1,4.8,5,74.1
1763425185.508654,4.8,5,74.1,13661984,1652597,4.6,0.0,74.1,9.0,1,74.0
1763425190.560247,9.0,1,74.0,13662005,1652653,4.8,5.0,74.1,8.2,1,74.1
1763425195.6033363,8.2,1,74.1,13662014,1652770,9.0,1.0,74.0,10.6,1,74.1
1763425200.6459212,10.6,1,74.1,13662014,1652817,8.2,1.0,74.1,11.7,3,74.4
1763425205.69802,11.7,3,74.4,13662014,1652975,10.6,1.0,74.1,5.8,1,74.6
1763425210.7536175,5.8,1,74.6,13662015,1653037,11.7,3.0,74.4,9.1,2,74.1
1763425215.8187263,9.1,2,74.1,13662015,1653114,5.8,1.0,74.6,4.5,1,74.0
1763425220.8593097,4.5,1,74.0,13662015,1653180,9.1,2.0,74.1,4.2,0,74.0
1763425225.9104066,4.2,0,74.0,13662036,1653262,4.5,1.0,74.0,2.6,1,74.0
1763425230.9549935,2.6,1,74.0,13662036,1653335,4.2,0.0,74.0,2.9,0,74.1
1763425236.003087,2.9,0,74.1,13662036,1653434,2.6,1.0,74.0,4.0,0,74.0
1763425241.0546799,4.0,0,74.0,13662038,1653489,2.9,0.0,74.1,6.0,4,74.0
1763425246.0967698,6.0,4,74.0,13662038,1653508,4.0,0.0,74.0,5.1,1,74.0
1763425251.1493645,5.1,1,74.0,13662038,1653559,6.0,4.0,74.0,10.4,0,74.5
1763425256.196457,10.4,0,74.5,13662125,1653772,5.1,1.0,74.0,3.4,1,74.5
1763425261.2520542,3.4,1,74.5,13662125,1653854,10.4,0.0,74.5,5.3,1,74.4
1763425266.3046482,5.3,1,74.4,13662125,1653931,3.4,1.0,74.5,5.5,1,74.7
1763425271.3477364,5.5,1,74.7,13662125,1654072,5.3,1.0,74.4,5.7,0,75.1
1763425276.4013314,5.7,0,75.1,13662590,1654685,5.5,1.0,74.7,5.2,1,75.8
1763425281.4514284,5.2,1,75.8,13662591,1654797,5.7,0.0,75.1,13.8,2,76.9
1763425286.4990184,13.8,2,76.9,13666457,1656309,5.2,1.0,75.8,24.3,1,77.6
1763425291.5521176,24.3,1,77.6,13667583,1657640,13.8,2.0,76.9,22.7,0,78.6
1763425296.6007082,22.7,0,78.6,13670679,1660371,24.3,1.0,77.6,28.3,5,78.8
1763425301.6688216,28.3,5,78.8,13672623,1675671,22.7,0.0,78.6,26.6,1,77.8
1763425306.7154105,26.6,1,77.8,13673104,1676504,28.3,5.0,78.8,10.1,0,77.3
1763425311.7705112,10.1,0,77.3,13673341,1677182,26.6,1.0,77.8,5.8,0,77.0
1763425316.8211036,5.8,0,77.0,13673345,1677907,10.1,0.0,77.3,13.5,1,78.2
1763425321.870198,13.5,1,78.2,13673441,1680290,5.8,0.0,77.0,13.3,2,79.1
1763425326.9297981,13.3,2,79.1,13674021,1681587,13.5,1.0,78.2,5.9,0,78.6
1763425331.9818966,5.9,0,78.6,13674022,1681995,13.3,2.0,79.1,1.8,0,77.5
1763425337.0364926,1.8,0,77.5,13674023,1682013,5.9,0.0,78.6,2.2,0,77.6
1763425342.082585,2.2,0,77.6,13674029,1682216,1.8,0.0,77.5,7.0,1,78.4
1763425347.1251702,7.0,1,78.4,13674104,1682351,2.2,0.0,77.6,8.3,2,78.9
1763425352.1782696,8.3,2,78.9,13674244,1682705,7.0,1.0,78.4,2.9,1,78.8
1763425357.2278605,2.9,1,78.8,13674247,1682911,8.3,2.0,78.9,3.5,2,78.7
1763425362.2779582,3.5,2,78.7,13674258,1682963,2.9,1.0,78.8,9.7,4,79.0
1763425367.3335547,9.7,4,79.0,13674281,1683211,3.5,2.0,78.7,14.4,6,79.1
1763425372.3816495,14.4,6,79.1,13674908,1684012,9.7,4.0,79.0,8.9,1,79.4
1763425377.4212322,8.9,1,79.4,13674928,1684479,14.4,6.0,79.1,7.6,0,79.6
1763425382.4723291,7.6,0,79.6,13675147,1684894,8.9,1.0,79.4,4.1,0,78.6
1763425387.5179174,4.1,0,78.6,13675147,1685169,7.6,0.0,79.6,6.7,2,79.1
1763425392.5680134,6.7,2,79.1,13675148,1685504,4.1,0.0,78.6,7.9,2,79.1
1763425397.6136012,7.9,2,79.1,13675151,1685786,6.7,2.0,79.1,6.9,0,78.9
1763425402.6586928,6.9,0,78.9,13675151,1685972,7.9,2.0,79.1,6.9,1,78.6
1763425407.7092845,6.9,1,78.6,13675151,1686033,6.9,0.0,78.9,5.9,1,78.8
1763425412.7528713,5.9,1,78.8,13675153,1686062,6.9,1.0,78.6,6.4,0,78.5
1763425417.7999647,6.4,0,78.5,13675153,1686097,5.9,1.0,78.8,4.0,0,78.5
1763425422.850557,4.0,0,78.5,13675153,1686260,6.4,0.0,78.5,5.6,1,78.5
1763425427.8906436,5.6,1,78.5,13675157,1686359,4.0,0.0,78.5,7.8,2,78.3
1763425432.9362316,7.8,2,78.3,13675174,1686465,5.6,1.0,78.5,3.9,0,78.3
1763425437.9813225,3.9,0,78.3,13675174,1686599,7.8,2.0,78.3,14.0,0,79.0
1763425443.036919,14.0,0,79.0,13676363,1686762,3.9,0.0,78.3,3.0,0,78.9
1763425448.0860143,3.0,0,78.9,13676363,1686877,14.0,0.0,79.0,9.4,0,79.1
1763425453.1346047,9.4,0,79.1,13676363,1687069,3.0,0.0,78.9,9.6,2,79.1
1763425458.2027183,9.6,2,79.1,13676363,1687193,9.4,0.0,79.1,7.6,1,79.2
1763425463.2443023,7.6,1,79.2,13676363,1687358,9.6,2.0,79.1,3.7,1,79.1
1763425468.2994046,3.7,1,79.1,13676363,1687395,7.6,1.0,79.2,9.8,1,79.0
1763425473.348996,9.8,1,79.0,13676363,1687630,3.7,1.0,79.1,9.6,3,79.3
1763425478.4000921,9.6,3,79.3,13676364,1687732,9.8,1.0,79.0,8.9,3,78.9
1763425483.4586926,8.9,3,78.9,13676370,1687821,9.6,3.0,79.3,4.2,0,78.9
1763425488.516795,4.2,0,78.9,13676381,1687963,8.9,3.0,78.9,3.8,0,78.5
1763425493.565385,3.8,0,78.5,13676381,1688025,4.2,0.0,78.9,1.4,0,78.5
1763425498.6154807,1.4,0,78.5,13676381,1688055,3.8,0.0,78.5,1.3,0,78.5
1763425503.6600676,1.3,0,78.5,13676381,1688086,1.4,0.0,78.5,1.2,0,78.5
1763425508.702156,1.2,0,78.5,13676381,1688203,1.3,0.0,78.5,8.6,0,78.5
1763425513.74374,8.6,0,78.5,13676391,1688290,1.2,0.0,78.5,2.8,0,78.4
1763425518.7828257,2.8,0,78.4,13676391,1688324,8.6,0.0,78.5,5.7,2,78.6
1763425523.8384223,5.7,2,78.6,13676391,1688446,2.8,0.0,78.4,9.7,7,78.7
1763425528.8965268,9.7,7,78.7,13676391,1688505,5.7,2.0,78.6,7.9,3,78.4
1763425533.9401128,7.9,3,78.4,13676392,1688531,9.7,7.0,78.7,7.5,3,78.5
1763425538.9962146,7.5,3,78.5,13676392,1688630,7.9,3.0,78.4,7.5,4,78.4
1763425544.0418022,7.5,4,78.4,13676401,1688719,7.5,3.0,78.5,6.9,3,78.4
1763425549.0918982,6.9,3,78.4,13676549,1688766,7.5,4.0,78.4,4.7,0,78.4
1763425554.1464942,4.7,0,78.4,13676549,1688799,6.9,3.0,78.4,7.6,1,78.7
1763425559.2065983,7.6,1,78.7,13676553,1688839,4.7,0.0,78.4,8.5,0,79.4
1763425564.262195,8.5,0,79.4,13676553,1688908,7.6,1.0,78.7,9.7,0,80.0
1763425569.3257995,9.7,0,80.0,13676602,1688997,8.5,0.0,79.4,5.6,3,80.2
1763425574.3869057,5.6,3,80.2,13676607,1689073,9.7,0.0,80.0,6.4,5,80.4
1763425579.4394999,6.4,5,80.4,13676650,1689136,5.6,3.0,80.2,5.6,2,80.6
1763425584.5036085,5.6,2,80.6,13676661,1689175,6.4,5.0,80.4,5.2,1,79.7
1763425589.5441916,5.2,1,79.7,13676661,1689279,5.6,2.0,80.6,11.9,3,79.9
1763425594.5972905,11.9,3,79.9,13676661,1689337,5.2,1.0,79.7,5.7,0,79.9
1763425599.6388752,5.7,0,79.9,13676661,1689374,11.9,3.0,79.9,4.7,0,79.9
1763425604.6929748,4.7,0,79.9,13676661,1689429,5.7,0.0,79.9,4.8,3,79.9
1763425609.7345593,4.8,3,79.9,13676661,1689480,4.7,0.0,79.9,6.8,0,80.0
1763425614.7976663,6.8,0,80.0,13676661,1689515,4.8,3.0,79.9,4.2,3,80.0
1763425619.8522618,4.2,3,80.0,13676661,1689553,6.8,0.0,80.0,8.4,0,80.0
1763425624.8973556,8.4,0,80.0,13676661,1689584,4.2,3.0,80.0,6.3,0,80.2
1763425629.9419422,6.3,0,80.2,13676661,1689668,8.4,0.0,80.0,4.8,0,80.2
1763425634.9890354,4.8,0,80.2,13676661,1689711,6.3,0.0,80.2,6.9,2,80.3
1763425640.041629,6.9,2,80.3,13676661,1689747,4.8,0.0,80.2,6.6,1,80.7
1763425645.097731,6.6,1,80.7,13676703,1689805,6.9,2.0,80.3,3.1,0,80.7
1763425650.154329,3.1,0,80.7,13676791,1689934,6.6,1.0,80.7,10.8,4,80.6
1763425655.2044263,10.8,4,80.6,13676801,1690011,3.1,0.0,80.7,4.1,0,80.6
1763425660.2530172,4.1,0,80.6,13676813,1690088,10.8,4.0,80.6,3.9,0,79.8
1763425665.2961073,3.9,0,79.8,13676813,1690183,4.1,0.0,80.6,3.1,0,79.7
1763425670.3416953,3.1,0,79.7,13676813,1690230,3.9,0.0,79.8,2.3,0,79.7
1763425675.3897924,2.3,0,79.7,13676813,1690316,3.1,0.0,79.7,2.6,0,79.7
1763425680.4323769,2.6,0,79.7,13676813,1690345,2.3,0.0,79.7,6.0,0,79.7
1763425685.4804718,6.0,0,79.7,13676813,1690382,2.6,0.0,79.7,4.5,0,80.0
1763425690.523057,4.5,0,80.0,13676813,1690486,6.0,0.0,79.7,4.8,1,80.0
1763425695.5636497,4.8,1,80.0,13676813,1690533,4.5,0.0,80.0,4.4,0,79.5
1763425700.619246,4.4,0,79.5,13676813,1690570,4.8,1.0,80.0,2.9,0,79.4
1763425705.66734,2.9,0,79.4,13676813,1690609,4.4,0.0,79.5,5.3,0,79.1
1763425710.7069228,5.3,0,79.1,13676893,1690668,2.9,0.0,79.4,5.7,3,79.1
1763425715.7610226,5.7,3,79.1,13676894,1690729,5.3,0.0,79.1,6.2,4,79.3
1763425720.8096128,6.2,4,79.3,13676894,1690789,5.7,3.0,79.1,6.5,0,79.4
1763425725.862712,6.5,0,79.4,13676894,1690858,6.2,4.0,79.3,4.8,3,79.3
1763425730.925315,4.8,3,79.3,13676895,1690916,6.5,0.0,79.4,6.3,3,79.2
1763425735.9889188,6.3,3,79.2,13676895,1690961,4.8,3.0,79.3,3.5,1,79.2
1763425741.032009,3.5,1,79.2,13676895,1690995,6.3,3.0,79.2,7.5,4,79.3
1763425746.0745945,7.5,4,79.3,13676895,1691040,3.5,1.0,79.2,8.2,3,79.6
1763425751.1246917,8.2,3,79.6,13676898,1691145,7.5,4.0,79.3,8.8,0,79.5
1763425756.1722813,8.8,0,79.5,13676901,1691197,8.2,3.0,79.6,6.0,3,79.4
1763425761.2213762,6.0,3,79.4,13676901,1691284,8.8,0.0,79.5,6.8,0,79.6
1763425766.270968,6.8,0,79.6,13676901,1691332,6.0,3.0,79.4,3.4,0,79.1
1763425771.3160589,3.4,0,79.1,13676901,1691372,6.8,0.0,79.6,8.1,0,79.3
1763425776.3566422,8.1,0,79.3,13676901,1691422,3.4,0.0,79.1,2.9,0,79.3
1763425781.4037347,2.9,0,79.3,13676902,1691465,8.1,0.0,79.3,4.5,0,79.2
1763425786.4543276,4.5,0,79.2,13676903,1691527,2.9,0.0,79.3,7.0,0,79.2
1763425791.4974172,7.0,0,79.2,13676903,1691568,4.5,0.0,79.2,7.5,4,79.2
1763425796.550011,7.5,4,79.2,13676903,1691603,7.0,0.0,79.2,6.7,4,79.4
1763425801.594102,6.7,4,79.4,13676903,1691640,7.5,4.0,79.2,9.9,3,79.7
1763425806.637688,9.9,3,79.7,13676903,1691735,6.7,4.0,79.4,9.9,3,80.0
1763425811.6887844,9.9,3,80.0,13676903,1691817,9.9,3.0,79.7,6.5,1,80.4
1763425816.7333708,6.5,1,80.4,13677003,1691970,9.9,3.0,80.0,3.1,0,80.6
1763425821.77646,3.1,0,80.6,13678257,1692246,6.5,1.0,80.4,2.8,1,80.0
1763425826.8230486,2.8,1,80.0,13678270,1692630,3.1,0.0,80.6,5.5,0,80.7
1763425831.8691416,5.5,0,80.7,13678395,1692916,2.8,1.0,80.0,4.9,1,80.7
1763425836.9197338,4.9,1,80.7,13678478,1693150,5.5,0.0,80.7,5.1,0,80.2
1763425841.9838424,5.1,0,80.2,13678488,1693294,4.9,1.0,80.7,3.7,0,80.2
1763425847.0284295,3.7,0,80.2,13678518,1693535,5.1,0.0,80.2,2.1,0,80.3
1763425852.077524,2.1,0,80.3,13678526,1693652,3.7,0.0,80.2,3.4,0,80.3
1763425857.1341214,3.4,0,80.3,13678538,1693752,2.1,0.0,80.3,6.1,1,80.6
1763425862.2052383,6.1,1,80.6,13678646,1693931,3.4,0.0,80.3,3.2,1,80.6
1763425867.2548304,3.2,1,80.6,13678651,1694039,6.1,1.0,80.6,8.0,1,80.8
1763425872.3099308,8.0,1,80.8,13678767,1694172,3.2,1.0,80.6,9.3,3,80.9
1763425877.385546,9.3,3,80.9,13678800,1694362,8.0,1.0,80.8,9.4,3,80.7
1763425882.4426486,9.4,3,80.7,13678817,1694469,9.3,3.0,80.9,8.7,0,80.7
1763425887.4962435,8.7,0,80.7,13678817,1694532,9.4,3.0,80.7,12.0,2,80.6
1763425892.5518405,12.0,2,80.6,13678827,1694571,8.7,0.0,80.7,8.3,0,80.7
1763425897.60494,8.3,0,80.7,13678835,1694628,12.0,2.0,80.6,6.8,0,80.7
1763425902.659536,6.8,0,80.7,13678847,1694670,8.3,0.0,80.7,7.0,4,80.7
1763425907.7006254,7.0,4,80.7,13678847,1694738,6.8,0.0,80.7,5.4,1,80.8
1763425912.7532194,5.4,1,80.8,13678861,1694840,7.0,4.0,80.7,4.6,1,80.8
1763425917.800313,4.6,1,80.8,13678869,1694880,5.4,1.0,80.8,5.8,2,80.8
1763425922.8539078,5.8,2,80.8,13678877,1694994,4.6,1.0,80.8,7.7,0,80.7
1763425927.9210196,7.7,0,80.7,13678877,1695086,5.8,2.0,80.8,6.3,1,80.5
1763425932.9716122,6.3,1,80.5,13678886,1695149,7.7,0.0,80.7,6.0,2,80.4
1763425938.027713,6.0,2,80.4,13678894,1695186,6.3,1.0,80.5,3.9,0,80.3
1763425943.0763042,3.9,0,80.3,13678903,1695232,6.0,2.0,80.4,3.8,0,80.6
1763425948.128402,3.8,0,80.6,13678911,1695276,3.9,0.0,80.3,2.1,1,80.5
1763425953.173989,2.1,1,80.5,13678919,1695355,3.8,0.0,80.6,1.5,0,80.6
1763425958.2180803,1.5,0,80.6,13678927,1695396,2.1,1.0,80.5,2.4,0,80.5
1763425963.270674,2.4,0,80.5,13678927,1695427,1.5,0.0,80.6,1.9,0,80.5
1763425968.323773,1.9,0,80.5,13678935,1695455,2.4,0.0,80.5,3.5,0,80.5
1763425973.3743649,3.5,0,80.5,13678943,1695496,1.9,0.0,80.5,12.1,2,80.5
1763425978.4444792,12.1,2,80.5,13678944,1695550,3.5,0.0,80.5,10.7,6,80.5
1763425983.4950714,10.7,6,80.5,13678952,1695586,12.1,2.0,80.5,11.7,6,80.6
1763425988.550173,11.7,6,80.6,13678960,1695647,10.7,6.0,80.5,8.8,0,81.6
1763425993.6137772,8.8,0,81.6,13681106,1696124,11.7,6.0,80.6,4.2,2,81.7
1763425998.6583645,4.2,2,81.7,13681418,1696228,8.8,0.0,81.6,14.4,39,82.7
1763426003.7174685,14.4,39,82.7,13683883,1696375,4.2,2.0,81.7,14.4,0,83.4
1763426008.804103,14.4,0,83.4,13696533,1696576,14.4,39.0,82.7,14.0,2,84.3
1763426013.8628693,14.0,2,84.3,13704289,1697612,14.4,0.0,83.4,8.1,1,86.0
1763426018.9146135,8.1,1,86.0,13706983,1697982,14.0,2.0,84.3,10.0,2,87.4
1763426023.9692934,10.0,2,87.4,13710790,1700337,8.1,1.0,86.0,14.5,5,87.6
1763426029.0372615,14.5,5,87.6,13711218,1700616,10.0,2.0,87.4,14.5,4,87.8
1763426034.1090755,14.5,4,87.8,13711771,1701618,14.5,5.0,87.6,14.0,7,88.0
1763426039.1779933,14.0,7,88.0,13712482,1702584,14.5,4.0,87.8,10.0,4,88.4
1763426044.240016,10.0,4,88.4,13713026,1703301,14.0,7.0,88.0,10.6,4,88.5
1763426049.3105981,10.6,4,88.5,13713382,1703522,10.0,4.0,88.4,14.2,5,88.4
1763426054.3824992,14.2,5,88.4,13713792,1703666,10.6,4.0,88.5,12.4,5,88.5
1763426059.4495685,12.4,5,88.5,13713895,1703850,14.2,5.0,88.4,15.5,6,88.9
1763426064.5198908,15.5,6,88.9,13715890,1703988,12.4,5.0,88.5,12.4,4,89.0
1763426069.5847805,12.4,4,89.0,13716774,1704094,15.5,6.0,88.9,12.5,4,89.0
1763426074.6355672,12.5,4,89.0,13718172,1704198,12.4,4.0,89.0,12.0,4,88.1
1763426079.7048438,12.0,4,88.1,13718381,1704288,12.5,4.0,89.0,14.2,5,88.2
1763426084.763715,14.2,5,88.2,13719106,1704401,12.0,4.0,88.1,12.1,3,88.3
1763426089.8318863,12.1,3,88.3,13719182,1704438,14.2,5.0,88.2,11.2,5,88.5
1763426094.8820267,11.2,5,88.5,13719388,1704476,12.1,3.0,88.3,14.3,5,88.7
1763426099.937859,14.3,5,88.7,13720052,1704562,11.2,5.0,88.5,12.3,4,88.8
1763426104.9823103,12.3,4,88.8,13720312,1704573,14.3,5.0,88.7,14.8,6,89.1
1763426110.0459545,14.8,6,89.1,13721157,1704675,12.3,4.0,88.8,13.6,6,89.2
1763426115.1175475,13.6,6,89.2,13721555,1704817,14.8,6.0,89.1,17.8,6,89.2
1763426120.1766143,17.8,6,89.2,13721756,1704891,13.6,6.0,89.2,16.2,8,89.3
1763426125.247493,16.2,8,89.3,13722146,1704945,17.8,6.0,89.2,19.2,8,89.4
1763426130.3169692,19.2,8,89.4,13722233,1704968,16.2,8.0,89.3,14.2,6,89.3
1763426135.3755665,14.2,6,89.3,13722304,1705023,19.2,8.0,89.4,15.7,7,89.4
1763426140.4446359,15.7,7,89.4,13722391,1705068,14.2,6.0,89.3,14.3,6,89.5
1763426145.5033894,14.3,6,89.5,13723878,1705125,15.7,7.0,89.4,17.0,8,89.6
1763426150.5750828,17.0,8,89.6,13723997,1705176,14.3,6.0,89.5,13.1,6,89.6
1763426155.6443465,13.1,6,89.6,13724252,1705227,17.0,8.0,89.6,13.4,4,89.9
1763426160.698212,13.4,4,89.9,13725506,1705397,13.1,6.0,89.6,13.1,6,90.0
1763426165.754814,13.1,6,90.0,13726549,1705524,13.4,4.0,89.9,9.0,4,90.0
1763426170.8235457,9.0,4,90.0,13726619,1705591,13.1,6.0,90.0,14.3,5,90.0
1763426175.870577,14.3,5,90.0,13728352,1705654,9.0,4.0,90.0,13.7,5,90.0
1763426180.9406152,13.7,5,90.0,13728419,1705734,14.3,5.0,90.0,14.0,3,90.2
1763426186.00794,14.0,3,90.2,13730149,1705847,13.7,5.0,90.0,10.6,9,90.5
1763426191.071984,10.6,9,90.5,13731320,1705967,14.0,3.0,90.2,13.0,7,90.5
1763426196.1177535,13.0,7,90.5,13731393,1706102,10.6,9.0,90.5,13.4,4,90.6
1763426201.1895974,13.4,4,90.6,13731454,1706215,13.0,7.0,90.5,14.6,10,90.7
1763426206.2519643,14.6,10,90.7,13731634,1706294,13.4,4.0,90.6,14.6,3,90.8
1763426211.3022196,14.6,3,90.8,13731777,1706343,14.6,10.0,90.7,14.9,6,90.7
1763426216.3690596,14.9,6,90.7,13731877,1706408,14.6,3.0,90.8,12.4,6,90.7
1763426221.4270546,12.4,6,90.7,13731948,1706528,14.9,6.0,90.7,13.2,6,90.8
1763426226.4898496,13.2,6,90.8,13732041,1706637,12.4,6.0,90.7,14.1,6,90.9
1763426231.5585299,14.1,6,90.9,13732059,1706742,13.2,6.0,90.8,13.3,7,90.8
1763426236.6158674,13.3,7,90.8,13732098,1706811,14.1,6.0,90.9,14.4,5,91.1
1763426241.6826994,14.4,5,91.1,13733138,1706924,13.3,7.0,90.8,22.7,6,91.6
1763426246.7407923,22.7,6,91.6,13733332,1707080,14.4,5.0,91.1,16.3,10,91.7
1763426251.8107724,16.3,10,91.7,13734459,1707156,22.7,6.0,91.6,23.9,10,91.6
1763426256.8789213,23.9,10,91.6,13734470,1707261,16.3,10.0,91.7,24.3,14,91.7
1763426261.9447525,24.3,14,91.7,13734491,1707301,23.9,10.0,91.6,22.6,11,92.2
1763426267.0168107,22.6,11,92.2,13734536,1707423,24.3,14.0,91.7,25.5,11,92.4
1763426272.0908427,25.5,11,92.4,13734798,1707520,22.6,11.0,92.2,25.3,14,92.8
1763426277.158873,25.3,14,92.8,13735086,1707563,25.5,11.0,92.4,28.5,15,93.1
1763426282.2281642,28.5,15,93.1,13735279,1707630,25.3,14.0,92.8,16.7,12,92.9
1763426287.2919655,16.7,12,92.9,13735350,1707745,28.5,15.0,93.1,17.9,13,92.6
1763426292.3572586,17.9,13,92.6,13735421,1707963,16.7,12.0,92.9,14.0,11,92.6
1763426297.4229295,14.0,11,92.6,13735525,1708045,17.9,13.0,92.6,14.7,10,92.2
1763426302.4749584,14.7,10,92.2,13735575,1708151,14.0,11.0,92.6,15.3,14,92.4
1763426307.5229433,15.3,14,92.4,13735710,1708267,14.7,10.0,92.2,17.6,12,92.2
1763426312.5855582,17.6,12,92.2,13736887,1708348,15.3,14.0,92.4,12.4,11,92.0
1763426317.65678,12.4,11,92.0,13736958,1708451,17.6,12.0,92.2,15.4,11,91.9
1763426322.7257097,15.4,11,91.9,13737072,1708539,12.4,11.0,92.0,14.6,11,91.9
1763426327.794088,14.6,11,91.9,13737092,1708582,15.4,11.0,91.9,14.8,11,91.9
1763426332.8516166,14.8,11,91.9,13737153,1708623,14.6,11.0,91.9,14.7,10,91.6
1763426337.9161196,14.7,10,91.6,13737307,1708705,14.8,11.0,91.9,16.2,11,91.6
1763426342.9717796,16.2,11,91.6,13737361,1708757,14.7,10.0,91.6,16.9,12,91.6
1763426348.01853,16.9,12,91.6,13737379,1708792,16.2,11.0,91.6,16.1,15,91.6
1763426353.0780046,16.1,15,91.6,13737489,1708853,16.9,12.0,91.6,14.8,15,91.6
1763426358.1511652,14.8,15,91.6,13737550,1708945,16.1,15.0,91.6,16.0,17,91.6
1763426363.2149467,16.0,17,91.6,13737580,1709001,14.8,15.0,91.6,16.3,15,92.0
1763426368.2748685,16.3,15,92.0,13737586,1709071,16.0,17.0,91.6,15.6,12,91.9
1763426373.3302846,15.6,12,91.9,13737607,1709128,16.3,15.0,92.0,17.3,14,91.8
1763426378.3731248,17.3,14,91.8,13737693,1709159,15.6,12.0,91.9,11.8,10,92.0
1763426383.4160697,11.8,10,92.0,13737829,1709237,17.3,14.0,91.8,12.3,9,92.0
1763426388.47313,12.3,9,92.0,13737844,1709285,11.8,10.0,92.0,12.2,11,92.1
1763426393.5171878,12.2,11,92.1,13737990,1709346,12.3,9.0,92.0,15.5,9,92.1
1763426398.5776103,15.5,9,92.1,13738052,1709473,12.2,11.0,92.1,13.5,11,92.1
1763426403.6490798,13.5,11,92.1,13738071,1709539,15.5,9.0,92.1,13.4,10,92.2
1763426408.7151346,13.4,10,92.2,13738358,1709606,13.5,11.0,92.1,13.9,12,92.2
1763426413.766027,13.9,12,92.2,13738376,1709664,13.4,10.0,92.2,13.0,11,92.2
1763426418.8196719,13.0,11,92.2,13738469,1709703,13.9,12.0,92.2,14.0,10,92.2
1763426423.8802643,14.0,10,92.2,13738538,1709769,13.0,11.0,92.2,15.3,11,92.1
1763426428.9499724,15.3,11,92.1,13738569,1709869,14.0,10.0,92.2,15.3,10,92.0
1763426433.998086,15.3,10,92.0,13738636,1709946,15.3,11.0,92.1,15.8,11,92.0
1763426439.06032,15.8,11,92.0,13738677,1709976,15.3,10.0,92.0,14.6,10,91.9
1763426444.1208355,14.6,10,91.9,13738692,1710051,15.8,11.0,92.0,12.7,10,91.9
1763426449.1755288,12.7,10,91.9,13739071,1710112,14.6,10.0,91.9,9.7,10,92.0
1763426454.2217433,9.7,10,92.0,13739132,1710163,12.7,10.0,91.9,11.8,11,92.2
1763426459.2770343,11.8,11,92.2,13739148,1710187,9.7,10.0,92.0,15.5,12,92.1
1763426464.3363976,15.5,12,92.1,13739177,1710271,11.8,11.0,92.2,11.4,10,92.1
1763426469.4082303,11.4,10,92.1,13739239,1710301,15.5,12.0,92.1,11.7,9,92.0
1763426474.469856,11.7,9,92.0,13739304,1710329,11.4,10.0,92.1,11.1,10,92.0
1763426479.5428295,11.1,10,92.0,13739332,1710362,11.7,9.0,92.0,12.2,10,92.0
1763426484.6002095,12.2,10,92.0,13739346,1710490,11.1,10.0,92.0,10.2,9,92.1
1763426489.6687472,10.2,9,92.1,13739358,1710521,12.2,10.0,92.0,10.1,9,92.1
1763426494.7190244,10.1,9,92.1,13739407,1710559,10.2,9.0,92.1,11.4,10,92.0
1763426499.7632763,11.4,10,92.0,13739462,1710594,10.1,9.0,92.1,10.8,10,92.0
1763426504.821808,10.8,10,92.0,13739596,1710642,11.4,10.0,92.0,11.1,11,92.1
1763426509.869924,11.1,11,92.1,13739680,1710664,10.8,10.0,92.0,11.3,10,92.1
1763426514.934872,11.3,10,92.1,13739726,1710716,11.1,11.0,92.1,11.6,10,92.2
1763426519.9935858,11.6,10,92.2,13739773,1710746,11.3,10.0,92.1,12.7,9,92.2
1763426525.061278,12.7,9,92.2,13739813,1710830,11.6,10.0,92.2,12.8,10,92.1
1763426530.1128662,12.8,10,92.1,13739822,1710868,12.7,9.0,92.2,12.2,11,92.1
1763426535.1577768,12.2,11,92.1,13739905,1710927,12.8,10.0,92.1,12.4,11,92.1
1763426540.2124045,12.4,11,92.1,13740027,1710962,12.2,11.0,92.1,14.0,11,92.6
1763426545.2798738,14.0,11,92.6,13740074,1711045,12.4,11.0,92.1,11.0,11,92.6
1763426550.351648,11.0,11,92.6,13740094,1711131,14.0,11.0,92.6,11.4,12,92.5
1763426555.4056373,11.4,12,92.5,13740111,1711237,11.0,11.0,92.6,17.7,11,92.5
1763426560.4518573,17.7,11,92.5,13740112,1711288,11.4,12.0,92.5,20.9,14,92.4
1763426565.5115883,20.9,14,92.4,13740134,1711410,17.7,11.0,92.5,27.1,14,92.6
1763426570.5709145,27.1,14,92.6,13740216,1711525,20.9,14.0,92.4,15.7,11,92.6
1763426575.6351695,15.7,11,92.6,13740256,1711593,27.1,14.0,92.6,13.6,10,92.7
1763426580.6797543,13.6,10,92.7,13740698,1711682,15.7,11.0,92.6,14.4,9,92.3
1763426585.743883,14.4,9,92.3,13740825,1711744,13.6,10.0,92.7,13.9,12,92.3
1763426590.8051867,13.9,12,92.3,13740842,1711820,14.4,9.0,92.3,13.1,10,92.4
1763426595.8728318,13.1,10,92.4,13740854,1711889,13.9,12.0,92.3,12.8,11,92.4
1763426600.9337025,12.8,11,92.4,13740868,1711949,13.1,10.0,92.4,14.0,10,92.5
1763426606.0034866,14.0,10,92.5,13740919,1712057,12.8,11.0,92.4,14.3,11,92.5
1763426611.069511,14.3,11,92.5,13740927,1712096,14.0,10.0,92.5,16.0,12,92.1
1763426616.1328743,16.0,12,92.1,13740979,1712192,14.3,11.0,92.5,13.8,9,92.2
1763426621.2017298,13.8,9,92.2,13741031,1712291,16.0,12.0,92.1,14.3,11,92.3
1763426626.2759087,14.3,11,92.3,13741089,1712394,13.8,9.0,92.2,11.9,12,92.2
1763426631.3280547,11.9,12,92.2,13741607,1712525,14.3,11.0,92.3,13.2,12,92.2
1763426636.3965657,13.2,12,92.2,13741619,1712617,11.9,12.0,92.2,11.7,11,92.2
1763426641.4577012,11.7,11,92.2,13741627,1712685,13.2,12.0,92.2,13.0,10,92.2
1763426646.5199873,13.0,10,92.2,13741664,1712761,11.7,11.0,92.2,11.3,10,92.2
1763426651.592471,11.3,10,92.2,13741755,1712822,13.0,10.0,92.2,12.1,11,92.2
1763426656.6496015,12.1,11,92.2,13741809,1712908,11.3,10.0,92.2,12.5,11,92.3
1763426661.7100332,12.5,11,92.3,13741851,1712997,12.1,11.0,92.2,15.2,12,92.6
1763426666.768981,15.2,12,92.6,13742048,1713121,12.5,11.0,92.3,12.4,11,92.5
1763426671.8286994,12.4,11,92.5,13742145,1713206,15.2,12.0,92.6,12.1,11,92.4
1763426676.896117,12.1,11,92.4,13742321,1713265,12.4,11.0,92.5,13.6,11,92.4
1763426681.956847,13.6,11,92.4,13742495,1713337,12.1,11.0,92.4,13.0,10,92.4
1763426687.0219955,13.0,10,92.4,13742516,1713376,13.6,11.0,92.4,11.7,11,92.4
1763426692.0746763,11.7,11,92.4,13742566,1713420,13.0,10.0,92.4,12.9,11,92.4
1763426697.1402583,12.9,11,92.4,13742640,1713490,11.7,11.0,92.4,12.1,11,92.4
1763426702.188969,12.1,11,92.4,13742654,1713514,12.9,11.0,92.4,12.5,12,92.5
1763426707.2401958,12.5,12,92.5,13742664,1713552,12.1,11.0,92.4,14.9,11,92.5
1763426712.2946186,14.9,11,92.5,13742698,1713617,12.5,12.0,92.5,14.1,9,92.5
1763426717.3637955,14.1,9,92.5,13742878,1713672,14.9,11.0,92.5,12.7,11,92.7
1763426722.4339814,12.7,11,92.7,13745137,1713698,14.1,9.0,92.5,15.3,12,92.7
1763426727.500259,15.3,12,92.7,13745395,1713857,12.7,11.0,92.7,12.1,12,92.8
1763426732.5649636,12.1,12,92.8,13747363,1713931,15.3,12.0,92.7,12.1,11,92.9
1763426737.6258574,12.1,11,92.9,13747665,1713979,12.1,12.0,92.8,12.9,10,92.9
1763426742.670827,12.9,10,92.9,13747673,1714057,12.1,11.0,92.9,16.8,12,92.9
1763426747.7292218,16.8,12,92.9,13747681,1714128,12.9,10.0,92.9,15.1,11,93.0
1763426752.788115,15.1,11,93.0,13747688,1714209,16.8,12.0,92.9,14.8,12,92.5
1763426757.858782,14.8,12,92.5,13747689,1714312,15.1,11.0,93.0,15.3,13,92.6
1763426762.9290683,15.3,13,92.6,13747690,1714345,14.8,12.0,92.5,15.5,12,92.7
1763426767.9840798,15.5,12,92.7,13747700,1714395,15.3,13.0,92.6,13.1,12,92.6
1763426773.0536594,13.1,12,92.6,13747729,1714433,15.5,12.0,92.7,11.5,10,92.6
1763426778.1022327,11.5,10,92.6,13747738,1714485,13.1,12.0,92.6,10.0,10,92.6
1763426783.1696908,10.0,10,92.6,13747738,1714516,11.5,10.0,92.6,12.6,9,92.7
1763426788.2160325,12.6,9,92.7,13747764,1714602,10.0,10.0,92.6,11.0,12,92.7
1763426793.2738333,11.0,12,92.7,13748292,1714699,12.6,9.0,92.7,15.6,10,92.7
1763426798.3194134,15.6,10,92.7,13748770,1714844,11.0,12.0,92.7,11.7,8,92.8
1763426803.3750856,11.7,8,92.8,13748775,1714956,15.6,10.0,92.7,14.2,8,93.2
1763426808.4178646,14.2,8,93.2,13749064,1715037,11.7,8.0,92.8,12.1,9,93.3
1763426813.46428,12.1,9,93.3,13749142,1715150,14.2,8.0,93.2,13.5,11,93.3
1763426818.5290515,13.5,11,93.3,13749143,1715210,12.1,9.0,93.3,15.0,11,93.3
1763426823.5907435,15.0,11,93.3,13749163,1715327,13.5,11.0,93.3,13.0,10,93.3
1763426828.6357112,13.0,10,93.3,13749164,1715402,15.0,11.0,93.3,15.5,11,93.4
1763426833.6919274,15.5,11,93.4,13749184,1715445,13.0,10.0,93.3,13.1,9,93.4
1763426838.7547946,13.1,9,93.4,13749200,1715522,15.5,11.0,93.4,14.5,10,93.8
1763426843.8253376,14.5,10,93.8,13749308,1715591,13.1,9.0,93.4,19.3,10,93.6
1763426848.8878453,19.3,10,93.6,13749399,1715716,14.5,10.0,93.8,13.0,10,93.4
1763426853.9476724,13.0,10,93.4,13749802,1715825,19.3,10.0,93.6,10.6,12,93.5
1763426859.0142226,10.6,12,93.5,13749893,1715897,13.0,10.0,93.4,10.7,12,93.4
1763426864.063806,10.7,12,93.4,13749909,1715944,10.6,12.0,93.5,12.9,12,93.5
1763426869.1089346,12.9,12,93.5,13749938,1716021,10.7,12.0,93.4,10.9,12,93.4
1763426874.170312,10.9,12,93.4,13749953,1716094,12.9,12.0,93.5,9.8,10,93.3
1763426879.2382789,9.8,10,93.3,13749954,1716130,10.9,12.0,93.4,11.7,13,93.3
1763426884.2844217,11.7,13,93.3,13749958,1716161,9.8,10.0,93.3,8.7,10,93.2
1763426889.3594403,8.7,10,93.2,13749974,1716213,11.7,13.0,93.3,11.9,11,93.3
1763426894.4279277,11.9,11,93.3,13749984,1716244,8.7,10.0,93.2,11.1,13,93.3
1763426899.4899552,11.1,13,93.3,13749986,1716307,11.9,11.0,93.3,11.1,13,93.0
1763426904.5557475,11.1,13,93.0,13749996,1716385,11.1,13.0,93.3,11.3,12,93.1
1763426909.6258755,11.3,12,93.1,13750008,1716449,11.1,13.0,93.0,16.7,10,93.1
1763426914.675598,16.7,10,93.1,13750055,1716511,11.3,12.0,93.1,11.0,12,92.8
1763426919.741754,11.0,12,92.8,13750081,1716568,16.7,10.0,93.1,14.8,11,92.9
1763426924.8101928,14.8,11,92.9,13750086,1716639,11.0,12.0,92.8,12.2,12,92.8
1763426929.8768773,12.2,12,92.8,13750097,1716688,14.8,11.0,92.9,9.5,10,92.7
1763426934.937901,9.5,10,92.7,13750103,1716767,12.2,12.0,92.8,10.9,12,92.7
1763426940.0101407,10.9,12,92.7,13750109,1716796,9.5,10.0,92.7,11.2,11,92.7
1763426945.0668013,11.2,11,92.7,13750111,1716838,10.9,12.0,92.7,13.0,10,92.8
1763426950.11832,13.0,10,92.8,13750168,1716887,11.2,11.0,92.7,14.3,11,92.7
1763426955.1888506,14.3,11,92.7,13750182,1716950,13.0,10.0,92.8,13.7,12,92.6
1763426960.252026,13.7,12,92.6,13750182,1717010,14.3,11.0,92.7,15.4,10,92.6
1763426965.2961833,15.4,10,92.6,13750182,1717064,13.7,12.0,92.6,9.9,11,92.7
1763426970.3495774,9.9,11,92.7,13750185,1717123,15.4,10.0,92.6,18.0,13,92.6
1763426975.4050374,18.0,13,92.6,13750196,1717179,9.9,11.0,92.7,12.4,6,92.5
1763426980.4671316,12.4,6,92.5,13750202,1717232,18.0,13.0,92.6,13.0,8,92.5
1763426985.5146074,13.0,8,92.5,13750203,1717287,12.4,6.0,92.5,14.7,12,92.5
1763426990.5688932,14.7,12,92.5,13750218,1717316,13.0,8.0,92.5,21.8,13,92.7
1763426995.6370337,21.8,13,92.7,13750235,1717443,14.7,12.0,92.5,16.4,7,92.8
1763427000.7077358,16.4,7,92.8,13750235,1717512,21.8,13.0,92.7,12.5,15,92.9
1763427005.783305,12.5,15,92.9,13750236,1717558,16.4,7.0,92.8,16.5,13,92.9
1763427010.8509486,16.5,13,92.9,13750275,1717665,12.5,15.0,92.9,14.5,11,93.0
1763427015.9146154,14.5,11,93.0,13750291,1717740,16.5,13.0,92.9,12.7,7,93.1
1763427020.9877825,12.7,7,93.1,13750382,1717790,14.5,11.0,93.0,16.1,7,93.1
1763427026.0543108,16.1,7,93.1,13750382,1717911,12.7,7.0,93.1,10.9,7,93.1
1763427031.1071045,10.9,7,93.1,13750382,1717950,16.1,7.0,93.1,11.0,7,93.2
1763427036.177051,11.0,7,93.2,13750398,1718099,10.9,7.0,93.1,10.2,7,93.1
1763427041.2218897,10.2,7,93.1,13750398,1718159,11.0,7.0,93.2,11.9,7,93.1
1763427046.2700129,11.9,7,93.1,13750398,1718191,10.2,7.0,93.1,12.2,13,93.1
1763427051.324558,12.2,13,93.1,13750399,1718256,11.9,7.0,93.1,13.3,9,93.2
1763427056.391712,13.3,9,93.2,13750449,1718335,12.2,13.0,93.1,17.8,10,93.1
1763427061.4449098,17.8,10,93.1,13750453,1718455,13.3,9.0,93.2,18.6,13,93.2
1763427066.503932,18.6,13,93.2,13750491,1718705,17.8,10.0,93.1,19.7,16,93.1
1763427071.5571916,19.7,16,93.1,13750527,1718802,18.6,13.0,93.2,17.9,12,93.1
1763427076.626059,17.9,12,93.1,13750528,1718919,19.7,16.0,93.1,14.4,7,93.2
1763427081.6941605,14.4,7,93.2,13750531,1718975,17.9,12.0,93.1,16.2,12,93.3
1763427086.7403603,16.2,12,93.3,13750531,1719079,14.4,7.0,93.2,22.0,16,93.5
1763427091.796712,22.0,16,93.5,13750535,1719145,16.2,12.0,93.3,16.4,11,93.5
1763427096.8658302,16.4,11,93.5,13750544,1719191,22.0,16.0,93.5,18.3,8,93.1
1763427101.9110143,18.3,8,93.1,13750546,1719269,16.4,11.0,93.5,15.0,8,93.4
1763427106.9869437,15.0,8,93.4,13750546,1719360,18.3,8.0,93.1,9.9,7,93.4
1763427112.0329807,9.9,7,93.4,13750547,1719582,15.0,8.0,93.4,8.3,8,93.4
1763427117.0914965,8.3,8,93.4,13750548,1719669,9.9,7.0,93.4,11.3,10,93.5
1763427122.148616,11.3,10,93.5,13750550,1719788,8.3,8.0,93.4,12.5,12,93.6
1763427127.2217164,12.5,12,93.6,13750556,1719809,11.3,10.0,93.5,13.8,8,93.8
1763427132.2822163,13.8,8,93.8,13750564,1719874,12.5,12.0,93.6,22.8,14,94.3
1763427137.3470147,22.8,14,94.3,13750668,1719974,13.8,8.0,93.8,23.5,9,95.0
1763427142.4195402,23.5,9,95.0,13750740,1720104,22.8,14.0,94.3,26.4,10,96.0
1763427147.4918208,26.4,10,96.0,13750788,1720348,23.5,9.0,95.0,20.8,10,94.9
1763427152.5636847,20.8,10,94.9,13750891,1720521,26.4,10.0,96.0,13.5,9,94.9
1763427157.6230524,13.5,9,94.9,13750899,1720576,20.8,10.0,94.9,11.2,9,94.9
1763427162.6971893,11.2,9,94.9,13750909,1720605,13.5,9.0,94.9,19.4,7,94.8
1763427167.758967,19.4,7,94.8,13750914,1720711,11.2,9.0,94.9,19.1,15,94.7
